id;first_name;middle_name;last_name;email;phone_number;date_of_birth
1;"Amol";"xF";"Gupta";"amol@localhost.com";"0183152742";1989-04-08T12:00:00
2;"Sunny";"K";"Gupta";"sunny@localhost.com>";"+60183152742";1989-04-08T12:00:00
3;"Abc";"D";"Xyz";"abc@localhost.com";"+8";2020-02-05T05:06:01
4;"aX";"oK";"hBu";"(`x@M/F}Y.5'-II";"948";2020-07-04T12:49:23
5;"cWJOiq";"bNXKs";"jRHBJO";"[%p2}P@bsn[.6S8ozW";"+661875";2007-02-04T22:37:29
6;"YZvw";"n";"JVme";"E@x.=UkoKf";"+2";2008-02-04T22:45:54
7;"t";"dldYW";"ILsdF";":b@S.syTK.";"+410";2009-02-04T12:30:27
8;"xpZn";"doM";"ct";"WdD@X.9G(q4E";"+295756";1993-03-05T05:31:15
9;"vp";"baN";"GzNd";"J@o`#Q!*.j8x!";"306";1997-05-04T19:34:26
10;"zY";"N";"Lgu";"QdXh@]W2`hi.mSn.zE";"99";1963-06-04T18:03:31
11;"ArdEfPX";"xF";"tP";"Hw{@R}.RTFf";"+512";2020-02-05T02:51:47
12;"Aojp";"sy";"M";"i*'X(@Lk^|.m>";"+607724";2020-08-05T03:12:39
13;"AEBekI";"ngVIB";"JoUgrh";"YsV@iL+b.rA(+";"+8";2020-02-05T05:06:01
14;"AaX";"oK";"hBu";"(`x@M/F}Y.5'-II";"948";2020-07-04T12:49:23
15;"AcWJOiq";"bNXKs";"jRHBJO";"[%p2}P@bsn[.6S8ozW";"+661875";2007-02-04T22:37:29
16;"AYZvw";"n";"JVme";"E@x.=UkoKf";"+2";2008-02-04T22:45:54
17;"At";"dldYW";"ILsdF";":b@S.syTK.";"+410";2009-02-04T12:30:27
18;"AxpZn";"doM";"ct";"WdD@X.9G(q4E";"+295756";1993-03-05T05:31:15
19;"Avp";"baN";"GzNd";"J@o`#Q!*.j8x!";"306";1997-05-04T19:34:26
20;"AzY";"N";"Lgu";"QdXh@]W2`hi.mSn.zE";"99";1963-06-04T18:03:31
21;"BrdEfPX";"xF";"tP";"Hw{@R}.RTFf";"+512";2020-02-05T02:51:47
22;"Bojp";"sy";"M";"i*'X(@Lk^|.m>";"+607724";2020-08-05T03:12:39
23;"BEBekI";"ngVIB";"JoUgrh";"YsV@iL+b.rA(+";"+8";2020-02-05T05:06:01
24;"BaX";"oK";"hBu";"(`x@M/F}Y.5'-II";"948";2020-07-04T12:49:23
25;"BcWJOiq";"bNXKs";"jRHBJO";"[%p2}P@bsn[.6S8ozW";"+661875";2007-02-04T22:37:29
26;"BYZvw";"n";"JVme";"E@x.=UkoKf";"+2";2008-02-04T22:45:54
27;"Bt";"dldYW";"ILsdF";":b@S.syTK.";"+410";2009-02-04T12:30:27
28;"BxpZn";"doM";"ct";"WdD@X.9G(q4E";"+295756";1993-03-05T05:31:15
29;"Bvp";"baN";"GzNd";"J@o`#Q!*.j8x!";"306";1997-05-04T19:34:26
30;"BzY";"N";"Lgu";"QdXh@]W2`hi.mSn.zE";"99";1963-06-04T18:03:31
31;"CrdEfPX";"xF";"tP";"Hw{@R}.RTFf";"+512";2020-02-05T02:51:47
32;"Cojp";"sy";"M";"i*'X(@Lk^|.m>";"+607724";2020-08-05T03:12:39
33;"CEBekI";"ngVIB";"JoUgrh";"YsV@iL+b.rA(+";"+8";2020-02-05T05:06:01
34;"CaX";"oK";"hBu";"(`x@M/F}Y.5'-II";"948";2020-07-04T12:49:23
35;"CcWJOiq";"bNXKs";"jRHBJO";"[%p2}P@bsn[.6S8ozW";"+661875";2007-02-04T22:37:29
36;"CYZvw";"n";"JVme";"E@x.=UkoKf";"+2";2008-02-04T22:45:54
37;"Ct";"dldYW";"ILsdF";":b@S.syTK.";"+410";2009-02-04T12:30:27
38;"CxpZn";"doM";"ct";"WdD@X.9G(q4E";"+295756";1993-03-05T05:31:15
39;"Cvp";"baN";"GzNd";"J@o`#Q!*.j8x!";"306";1997-05-04T19:34:26
40;"DzY";"N";"Lgu";"QdXh@]W2`hi.mSn.zE";"99";1963-06-04T18:03:31
41;"DrdEfPX";"xF";"tP";"Hw{@R}.RTFf";"+512";2020-02-05T02:51:47
42;"Dojp";"sy";"M";"i*'X(@Lk^|.m>";"+607724";2020-08-05T03:12:39
43;"DEBekI";"ngVIB";"JoUgrh";"YsV@iL+b.rA(+";"+8";2020-02-05T05:06:01
44;"DaX";"oK";"hBu";"(`x@M/F}Y.5'-II";"948";2020-07-04T12:49:23
45;"DcWJOiq";"bNXKs";"jRHBJO";"[%p2}P@bsn[.6S8ozW";"+661875";2007-02-04T22:37:29
46;"DYZvw";"n";"JVme";"E@x.=UkoKf";"+2";2008-02-04T22:45:54
47;"Dt";"dldYW";"ILsdF";":b@S.syTK.";"+410";2009-02-04T12:30:27
48;"DxpZn";"doM";"ct";"WdD@X.9G(q4E";"+295756";1993-03-05T05:31:15
49;"Dvp";"baN";"GzNd";"J@o`#Q!*.j8x!";"306";1997-05-04T19:34:26
50;"EzY";"N";"Lgu";"QdXh@]W2`hi.mSn.zE";"99";1963-06-04T18:03:31
51;"ErdEfPX";"xF";"tP";"Hw{@R}.RTFf";"+512";2020-02-05T02:51:47
52;"Eojp";"sy";"M";"i*'X(@Lk^|.m>";"+607724";2020-08-05T03:12:39
53;"EEBekI";"ngVIB";"JoUgrh";"YsV@iL+b.rA(+";"+8";2020-02-05T05:06:01
54;"EaX";"oK";"hBu";"(`x@M/F}Y.5'-II";"948";2020-07-04T12:49:23
55;"EcWJOiq";"bNXKs";"jRHBJO";"[%p2}P@bsn[.6S8ozW";"+661875";2007-02-04T22:37:29
56;"EYZvw";"n";"JVme";"E@x.=UkoKf";"+2";2008-02-04T22:45:54
57;"Et";"dldYW";"ILsdF";":b@S.syTK.";"+410";2009-02-04T12:30:27
58;"ExpZn";"doM";"ct";"WdD@X.9G(q4E";"+295756";1993-03-05T05:31:15
59;"Evp";"baN";"GzNd";"J@o#Q!*.j8x!";"306";1997-05-04T19:34:26
60;"EzY";"N";"Lgu";"QdXh@]W2hi.mSn.zE";"99";1963-06-04T18:03:31